[
    {
        "Nome": "nome",
        "Horario": "horario",
        "Tratamento": "tratamento"
    },
    {
        "Nome": "Arthur",
        "Horario": "08:00",
        "Tratamento": "Limpeza de pele"
    },
    {
        "Nome": "Arthur",
        "Horario": "8",
        "Tratamento": "Limpeza de pele"
    },
    {
        "Nome": "Arthur",
        "Horario": "Oi",
        "Tratamento": "Limpeza de pele"
    },
    {
        "Nome": "Limpeza de pele",
        "Horario": "8",
        "Tratamento": "Limpeza de pele"
    },
    {
        "Nome": "da",
        "Horario": "da",
        "Tratamento": "Limpeza de pele"
    },
    {
        "Nome": "Arthur",
        "Horario": "da",
        "Tratamento": "Limpeza de pele"
    },
    {
        "Nome": "da",
        "Horario": "da",
        "Tratamento": "Limpeza de pele"
    },
    {
        "Nome": "Arthur",
        "Horario": "da",
        "Tratamento": "Limpeza de pele"
    },
    {
        "Nome": "da",
        "Horario": "da",
        "Tratamento": "Limpeza de pele"
    },
    {
        "Nome": "Arthur",
        "Horario": "8",
        "Tratamento": "Limpeza de pele"
    },
    {
        "Nome": "Arthur",
        "Horario": "oi",
        "Tratamento": "Limpeza de pele"
    },
    {
        "Nome": "Arthur",
        "Horario": "Oi",
        "Tratamento": "Limpeza de pele"
    },
    {
        "Nome": "Arthur",
        "Horario": "10",
        "Tratamento": "Limpeza de pele"
    },
    {
        "Nome": "Arthur",
        "Horario": "10:00",
        "Tratamento": "Limpeza de pele"
    }
]